,rap,hiphop,diff
lyrics_letra,823.6531121425598,-309.0724547039861,1132.725566846546
lyrics_que,803.8095296474032,-293.7750317836207,1097.584561431024
lyrics_es,820.537551060577,-276.4105350232593,1096.9480860838362
lyrics_en,811.7890983461797,-283.8625573797919,1095.6516557259715
lyrics_de,779.874047686339,-279.249802225876,1059.123849912215
lyrics_verso,745.6390347745119,-290.51365967640004,1036.152694450912
lyrics_y,772.8959177694234,-261.27540648807724,1034.1713242575006
lyrics_coro,704.3984711489081,-260.03469981801993,964.4331709669281
lyrics_lo,720.6937637924883,-220.1990650973842,940.8928288898725
lyrics_te,668.749745098585,-217.05821655307386,885.8079616516588
lyrics_los,670.5675325263627,-208.00505281932567,878.5725853456884
lyrics_un,620.7298506686457,-232.69558908170887,853.4254397503546
lyrics_como,603.1371687790069,-217.4059769271046,820.5431457061114
lyrics_lil,963.5376825471453,158.33209267455925,805.2055898725861
lyrics_du,587.8275410793456,-176.19821934032518,764.0257604196707
audio_tempo,140.3977633076342,-566.5374218164477,706.935185124082
lyrics_im,550.0841262151553,-140.32388627772679,690.4080124928821
lyrics_rhymes,-67.52550446955453,618.2291033001131,685.7546077696677
lyrics_rappers,-6.319225274872625,665.6516011768839,671.9708264517566
lyrics_mic,-69.4183409040324,595.6575907434082,665.0759316474406
lyrics_ayy,629.2009369689808,-5.401891789313126,634.602828758294
lyrics_se,556.8315933228819,-71.38166340099187,628.2132567238738
lyrics_le,397.46081692555396,-164.6118450276846,562.0726619532386
lyrics_gon,869.413285513337,313.95583765284283,555.4574478604941
lyrics_spit,32.79881285275011,574.9517642819204,542.1529514291703
lyrics_tu,431.96217223197186,-107.42173058848178,539.3839028204536
audio_valence,-264.51490039728697,257.8619681402798,522.3768685375668
lyrics_style,-10.624621908024007,488.66577404791406,499.29039595593804
lyrics_brothers,67.92862028688734,561.4209082917189,493.49228800483155
lyrics_crew,44.65864884872126,536.7363748599508,492.0777260112296
lyrics_woo,444.37229220452326,-34.35881181256898,478.73110401709226
audio_loudness,404.76598560810174,-64.60806109482644,469.3740467029282
lyrics_cats,3.786673827128297,469.4576210605065,465.6709472333782
audio_speechiness,1214.8926299367547,1675.8512227470992,460.9585928103445
lyrics_rhyme,-22.908726601729597,421.5116087002792,444.4203353020088
audio_liveness,-50.72221931249261,371.376348045889,422.0985673583816
audio_danceability,1278.0909252385982,856.4760312102873,421.6148940283109
lyrics_gang,408.8389812794902,-5.792410452079096,414.6313917315693
audio_duration_ms,-245.8882970239414,160.63424063649836,406.52253766043975
lyrics_racks,365.25344222049546,-35.33736837119831,400.59081059169375
lyrics_les,283.8950382369208,-113.79390694476979,397.6889451816906
lyrics_die,389.5331305950739,-5.925020863386926,395.4581514584608
lyrics_word,-26.669879885509815,368.25306321914286,394.9229431046527
lyrics_peace,-15.700965105792918,369.9957630869824,385.6967281927753
lyrics_ill,6.414574411948266,384.04973372107935,377.6351593091311
lyrics_black,12.298865514652462,379.9283230591042,367.6294575444517
lyrics_death,-24.176572751809346,337.3064653759617,361.483038127771
lyrics_y.all,346.64314293783247,702.3369975077237,355.69385456989124
lyrics_ayo,-49.96592743959413,297.02552680493085,346.99145424452496
lyrics_raw,53.124263157333516,398.56953342431046,345.44527026697693
lyrics_rhythm,-165.85654829028374,176.7862032036076,342.64275149389135
lyrics_next,16.445392354208124,353.15980155455884,336.7144092003507
lyrics_bill,20.27466149209448,355.2831623103609,335.00850081826644
lyrics_louis,338.74446386042825,4.059083951983382,334.6853799084449
lyrics_food,-38.72395849690759,294.88740698987226,333.61136548677985
lyrics_pussy,538.7487051270364,206.4155673895702,332.33313773746613
lyrics_i.ma,609.1378912319468,279.61422471721403,329.5236665147328
lyrics_produced,227.25020073595633,555.348586553714,328.0983858177576
lyrics_money,649.3483727057976,322.2397075161698,327.1086651896278
lyrics_kid,68.44991934508286,386.12953481825315,317.6796154731703
lyrics_trap,315.8862144758503,6.123151962286841,309.76306251356345
lyrics_gets,-170.9143892760543,137.08122656682707,307.99561584288136
lyrics_played,-47.644219742152266,259.03866739565495,306.6828871378072
lyrics_street,63.954845715873496,367.34720157900847,303.392355863135
lyrics_ear,-11.501547149557346,287.76171887178816,299.2632660213455
lyrics_spot,185.28391567891538,480.30158062537737,295.017664946462
lyrics_kick,30.613648187301308,322.06988259899356,291.45623441169226
lyrics_grip,34.29113607040976,325.528943076301,291.2378070058912
lyrics_foreign,282.68071517267146,-5.821806933831539,288.50252210650297
lyrics_goin,368.18771848604257,80.3181313596055,287.86958712643707
lyrics_done,353.0441076471141,66.97282962103324,286.0712780260809
lyrics_tracks,6.733290651742452,291.22724132109505,284.4939506693526
lyrics_motherfuckers,162.93936817617595,447.20927802494055,284.2699098487646
lyrics_earth,-94.45511188058612,185.13619491175228,279.5913067923384
lyrics_punk,17.112272977205755,295.30382707489775,278.191554097692
lyrics_dangerous,-3.5455631398770846,268.2939854024878,271.83954854236487
lyrics_smooth,-13.88976737611415,254.2669451996199,268.15671257573405
lyrics_huh,379.41174084368527,113.88546066712507,265.5262801765602
lyrics_live,-70.57637945532869,194.72344671884764,265.29982617417636
lyrics_chill,75.1346536941453,339.6226785580421,264.4880248638968
lyrics_shows,-4.338989759321166,259.07625742926945,263.4152471885906
lyrics_use,-24.552230049925505,237.60795399906343,262.1601840489889
lyrics_dough,267.54757529303754,528.2730074823786,260.72543218934106
lyrics_diamonds,261.1719800213103,0.7491751375179092,260.42280488379237
lyrics_mad,78.38943296254473,337.32506398541295,258.9356310228682
lyrics_people,-81.64376146450391,177.0889069896042,258.7326684541081
lyrics_goddamn,335.31661241040615,77.85756199079057,257.45905041961555
lyrics_flip,121.16866804343572,378.1226860460039,256.95401800256815
lyrics_words,-228.20424704039485,28.378653688939174,256.582900729334
lyrics_hundred,411.2700390316412,155.0832481884722,256.186790843169
lyrics_bitches,642.7784850105606,386.89754423985147,255.88094077070917
lyrics_part,211.13809106336942,-43.42444375560036,254.56253481896977
lyrics_bullshit,42.58416758778681,295.48529129876886,252.90112371098206
audio_energy,-304.0070524805073,-51.32306346811575,252.68398901239155
lyrics_strong,-97.19000944073515,154.85596516363782,252.045974604373
Non_word,932.0,680.0,252.0
lyrics_gucci,332.8815622949949,82.4264848662676,250.45507742872732
lyrics_called,-61.972034096751386,187.98988638301415,249.96192047976552
lyrics_country,-71.38654555901824,178.14552846732806,249.53207402634632
lyrics_upon,-204.04479151728947,45.111039283996845,249.1558308012863
lyrics_yes,-60.473607422505786,187.58810234459736,248.06170976710314
lyrics_hits,-7.955996003689208,239.65588318730607,247.6118791909953
lyrics_fear,-152.08383554277674,95.10009272781207,247.1839282705888
lyrics_half,72.86838615942035,319.5485212712708,246.6801351118504
lyrics_ass,667.7437491696566,421.5071871269728,246.23656204268377
lyrics_hatin,324.8570799743302,82.49440980066979,242.3626701736604
lyrics_rich,440.2296100052096,198.85143505816907,241.37817494704055
lyrics_boss,314.6962084379179,73.51180524586985,241.18440319204805
lyrics_york,21.12665860828293,261.4082541657609,240.281595557478
lyrics_mr,23.216465599313583,262.91693712405583,239.70047152474226
lyrics_nine,27.18957067524214,266.87224599429646,239.6826753190543
lyrics_bro,264.1826812481522,25.115051600347943,239.06762964780427
lyrics_new,148.42851835720327,387.1160937630822,238.6875754058789
lyrics_shootin,328.77043463169997,90.8039229004732,237.96651173122677
lyrics_deep,-12.13968232388045,225.594680493581,237.73436281746143
lyrics_drank,310.2512526454964,73.1628584216808,237.08839422381558
lyrics_fact,95.38569869277637,331.6540037535117,236.26830506073532
lyrics_read,-134.0111027129281,101.11308478457205,235.12418749750015
lyrics_master,0.5981568990089556,234.39950475182036,233.8013478528114
lyrics_mac,63.792735199698974,294.54968337637024,230.75694817667127
lyrics_til,27.88635173192199,258.5690892762495,230.6827375443275
lyrics_family,44.34686205891977,274.82946246229614,230.48260040337635
lyrics_cost,263.0140207797076,33.05218244172194,229.96183833798568
lyrics_respect,198.06785775859186,427.97913222982135,229.9112744712295
lyrics_swear,235.20790380970107,6.5952720874816535,228.61263172221942
lyrics_nice,-19.287106324382002,208.27427433807225,227.56138066245424
lyrics_comes,-203.19416969619,24.19071118613285,227.38488088232285
lyrics_finna,412.0854760207782,185.24301876784142,226.84245725293675
lyrics_eye,-117.21840849911615,108.95262341633325,226.17103191544942
lyrics_cup,304.78015591914664,79.76521787477398,225.01493804437266
lyrics_sippin,384.3579455086982,162.83753273896252,221.52041276973569
lyrics_g,429.60227705476365,208.28525821761815,221.3170188371455
lyrics_win,-58.276991143244146,160.7423582018195,219.01934934506366
lyrics_pour,253.68736609165242,35.59634907654561,218.09101701510681
lyrics_great,-51.50413107818494,166.44622791752516,217.9503589957101
lyrics_later,15.985638417322509,232.74085478992347,216.75521637260096
lyrics_neck,406.49050028974926,192.26608550682403,214.22441478292524
lyrics_wine,-133.53344902447606,80.34041637110519,213.87386539558125
lyrics_cuz,167.85542739365457,381.69978239753,213.84435500387542
lyrics_starts,-97.24181504341358,116.54131641797055,213.78313146138413
lyrics_old,-93.596606333733,118.85383853761718,212.4504448713502
lyrics_enough,-147.25316188397542,64.89917900106082,212.15234088503624
lyrics_fat,131.53738275504725,341.42715765696107,209.88977490191382
lyrics_short,14.609547351673587,224.10443181907877,209.49488446740517
lyrics_smile,-160.5053992352534,48.867152573375485,209.37255180862888
lyrics_skrrt,240.23423979174572,30.942086742856084,209.29215304888965
lyrics_blood,-1.0799248380040538,207.58149093834092,208.66141577634497
lyrics_watch,415.7203635822397,207.18306113109418,208.53730245114554
lyrics_tip,56.18283099840264,264.3113145947742,208.12848359637158
lyrics_bands,296.82881009832806,88.8241002733435,208.00470982498456
lyrics_kiss,-177.82190266029588,30.148718724688123,207.97062138498399
lyrics_music,-77.06880448569335,130.76598920839945,207.8347936940928
lyrics_buck,-3.1923834005557756,204.6071130899004,207.79949649045616
lyrics_folks,7.500270368779098,215.1199167771875,207.6196464084084
lyrics_brown,2.9432439330624973,209.73479067159542,206.79154673853293
lyrics_pen,149.55847978637024,355.4325460457161,205.87406625934585
lyrics_pistol,379.51735622770127,173.75026463297385,205.76709159472742
lyrics_cars,345.4904324340734,140.5039453645018,204.9864870695716
lyrics_dig,239.87231205601316,37.18642582018923,202.68588623582394
lyrics_poppin,398.2472458731851,195.82969348607344,202.41755238711164
lyrics_moves,-51.34664623227686,150.060186761769,201.40683299404586
lyrics_tryna,427.4737127641373,227.53527650258562,199.9384362615517
lyrics_squad,159.45338017188794,359.37344667885657,199.92006650696862
lyrics_pound,50.52072151257841,250.29820697185048,199.77748545927207
lyrics_mi,177.38689389712502,-21.768095748482807,199.15498964560783
lyrics_building,29.4339203588339,228.37643336492664,198.94251300609275
lyrics_tree,-23.12770903067734,175.39086903639253,198.51857806706988
lyrics_used,22.736633698326877,221.1674744380346,198.43084073970772
lyrics_beats,22.281351467024933,220.6583003101763,198.37694884315135
lyrics_cops,163.4229278065798,361.5019007769022,198.07897297032238
lyrics_dollar,104.77476848697003,302.4540211663494,197.67925267937935
lyrics_nah,234.72149398049197,38.47442076365473,196.24707321683724
lyrics_pressure,-53.246628465727916,142.57617885743122,195.82280732315914
lyrics_sounds,-77.33024046314503,117.87295096899835,195.2031914321434
lyrics_quit,8.552635852113994,202.9907029243144,194.4380670722004
lyrics_three,62.96294035292891,257.1081338212722,194.14519346834328
lyrics_stuck,23.014925901809423,216.566816066015,193.5518901642056
lyrics_grown,10.208959984217891,203.29121562445522,193.08225564023732
lyrics_world,-183.599306763826,8.307884969010068,191.90719173283608
lyrics_hell,6.952204603081924,198.58311349493712,191.6309088918552
lyrics_sign,-70.80038504729998,120.78379609635184,191.58418114365182
lyrics_wrote,55.493978774442255,246.23740203815356,190.7434232637113
lyrics_check,203.1861921371979,392.5092814654174,189.3230893282195
lyrics_paul,257.3050627738293,69.74136976531358,187.56369300851574
lyrics_boy,285.63537627799724,98.19552929338477,187.43984698461247
Spanish,403.0,216.0,187.0
lyrics_job,23.23251892645408,209.20330138059495,185.97078245414087
lyrics_thoughts,-14.15225743350921,170.47606579413332,184.62832322764254
lyrics_killing,-26.584198968737113,157.74745365001024,184.33165261874734
lyrics_dog,200.33895525931274,384.4987352504532,184.15977999114045
lyrics_stop,61.817206846157276,245.84469900309483,184.02749215693757
lyrics_hook,631.8446005136148,815.5840977042856,183.73949719067082
lyrics_rough,-86.26748785689378,97.4002532797207,183.6677411366145
lyrics_inside,-183.62933973485687,-0.13208771837083333,183.49725201648604
lyrics_chest,73.70221211941602,257.1736083735202,183.4713962541042
lyrics_dirt,-9.069938357098556,174.18670325480826,183.25664161190682
lyrics_bought,352.7702599156213,170.8369847731295,181.9332751424918
lyrics_pimp,361.48160944792926,180.08205800449548,181.39955144343378
lyrics_kitchen,234.19522497658375,54.019879908248576,180.17534506833516
lyrics_second,-93.41534749724859,86.09702957020127,179.51237706744985
lyrics_means,-81.60671986930798,97.88248378524543,179.48920365455342
lyrics_vibe,197.61235848357646,18.222664160328222,179.38969432324825
lyrics_flow,186.3298597662447,365.25785654134785,178.92799677510314
lyrics_drop,371.8965820937617,193.05771662919472,178.838865464567
lyrics_hood,490.7608695417592,312.77355657130806,177.98731297045111
lyrics_god,123.68307376888579,301.46501799544103,177.78194422655525
lyrics_crowd,-66.9508325177649,110.5600301265595,177.5108626443244
lyrics_rather,29.13896441796438,206.39812461324223,177.25916019527784
lyrics_rocks,113.52789933713063,290.47381157890834,176.9459122417777
lyrics_true,-110.54213517740281,66.1878267261963,176.72996190359913
lyrics_working,-38.07150522436889,138.39232554659438,176.46383077096328
lyrics_count,212.94032164965753,36.80420739214199,176.13611425751554
lyrics_flex,337.3740098391597,161.36116927735796,176.01284056180177
lyrics_rolling,-78.22281898160479,97.66613754188715,175.88895652349194
lyrics_built,-46.7424836808445,127.73434387453203,174.47682755537653
lyrics_sick,-13.845321228150604,160.40836109096978,174.25368231912037
lyrics_help,-161.21163575646972,12.888389846701362,174.10002560317108
lyrics_million,271.8039999229536,98.22185819600853,173.58214172694508
lyrics_buy,228.72635015935697,55.195807031953855,173.53054312740312
lyrics_young,282.97940108369545,109.53910529670263,173.4402957869928
lyrics_cop,165.6546201943521,337.514572918146,171.85995272379387
lyrics_l,45.659886739699395,216.69658677156374,171.03670003186434
lyrics_whole,227.92090778731378,398.4732711177383,170.55236333042453
lyrics_trees,-49.73345820609731,120.51406058875995,170.24751879485726
lyrics_shine,16.46979468751892,186.43061381981994,169.96081913230103
lyrics_song,-105.82485076003579,63.67172177845464,169.49657253849043
lyrics_gonna,-341.86189937724214,-172.6117459012398,169.25015347600234
lyrics_trip,83.56562875473274,252.5391758548887,168.97354710015594
lyrics_puttin,255.87145569392143,87.92740065661036,167.94405503731107
lyrics_ball,282.16197132003623,114.47717524372459,167.68479607631164
lyrics_tryin,183.77128066070583,349.8066033008122,166.03532264010636
lyrics_o,136.17618553612613,-29.32340806024359,165.49959359636972
lyrics_wife,13.728875540660034,178.71451203287882,164.9856364922188
lyrics_realize,-118.35490470410882,45.252933239001976,163.60783794311078
lyrics_somethin,294.2935531021959,130.92090373486764,163.37264936732828
lyrics_hoes,531.7383608327575,368.6060438921183,163.1323169406392
lyrics_hole,-109.50616267379746,53.08239092162552,162.58855359542298
lyrics_deal,43.30220257567649,205.598556203169,162.29635362749252
lyrics_felt,-178.52694050579257,-16.474773868760067,162.05216663703249
lyrics_skin,-159.37689952289884,2.0042224968597946,161.38112201975864
lyrics_riding,97.4569718088708,257.97594033750596,160.51896852863516
lyrics_p,171.76908227342375,332.17679443376767,160.40771216034392
lyrics_saying,12.744354545506063,172.94727906768708,160.202924522181
lyrics_honey,-175.5847671883264,-15.417247772491553,160.16751941583485
lyrics_nose,105.74759741023743,265.76453007629,160.01693266605255
lyrics_interlude,-69.61538845612564,90.16041773220252,159.77580618832815
lyrics_solo,-105.25131760524224,-263.76485966429163,158.5135420590494
lyrics_war,19.49832752903258,178.00089309326745,158.50256556423489
lyrics_minute,-1.8137784236527459,156.53110939309525,158.34488781674798
lyrics_main,23.40799813076952,181.42291612051966,158.01491798975013
lyrics_six,131.96114956974108,289.70720617371785,157.74605660397677
lyrics_evil,-45.51867520664392,111.94542569535585,157.46410090199976
lyrics_hit,650.3141758185266,493.2354198844783,157.07875593404827
lyrics_lost,-140.62248169323755,15.969529079045849,156.5920107722834
lyrics_better,4.364469539715074,160.87356128548947,156.5090917457744
lyrics_problem,194.64717925774235,38.473359384803224,156.17381987293913
lyrics_dj,315.9148745708407,162.02605430558052,153.8888202652602
lyrics_coke,70.39833132012151,224.19711262149127,153.79878130136976
lyrics_don,253.11871455961906,99.84858075295732,153.27013380666176
lyrics_soon,10.03022642405197,162.14709725947472,152.11687083542276
lyrics_fuckin,515.2659635382779,363.7183025465389,151.547660991739
lyrics_callin,228.8841034567588,78.05855719299048,150.82554626376833
lyrics_mom,65.13377204482697,215.26279083581613,150.12901879098916
lyrics_grave,-4.046309685712832,145.5093426079169,149.55565229362972
lyrics_seems,-230.397173349089,-81.81421111933503,148.58296222975397
lyrics_click,215.73893388592342,67.85512320363824,147.88381068228517
lyrics_well,-186.243175408048,-39.64611298676044,146.59706242128755
lyrics_good,-95.06872159733025,50.39254317424772,145.461264771578
lyrics_lyin,144.28163046636956,-1.1243099167772899,145.40594038314686
lyrics_bit,-63.68909287565222,81.16669201071271,144.85578488636492
lyrics_grow,-80.02542238972651,64.73110511418268,144.75652750390918
lyrics_jam,17.358029084076975,162.04873305764036,144.6907039735634
lyrics_plan,181.40240833405335,326.02265106846,144.62024273440665
lyrics_another,-46.47001651526551,97.33174159312082,143.80175810838634
lyrics_energy,-58.64153230924313,84.53504137828313,143.17657368752626
lyrics_speed,9.46689482323523,152.51167560231727,143.04478077908203
lyrics_gangsta,259.97805743722165,117.1859603464417,142.79209709077995
lyrics_steady,70.58149111348908,212.52554805480673,141.94405694131765
lyrics_killers,331.27947554538866,189.39820583995578,141.88126970543289
lyrics_eyes,-276.2435796624989,-134.41200024289643,141.8315794196025
lyrics_smoking,109.14487870123189,250.91239135720696,141.76751265597505
lyrics_ho,357.22202141485417,215.49885507078304,141.72316634407113
lyrics_everyday,103.83235403682852,245.24548000146424,141.41312596463573
lyrics_split,25.28662296700277,166.1505385905058,140.86391562350303
lyrics_stacks,234.86928367253802,95.22394382321772,139.6453398493203
lyrics_close,-153.14688261167055,-13.569765105981013,139.57711750568953
lyrics_wet,335.9173453398683,197.18487092515818,138.7324744147101
lyrics_sun,-211.5252987288432,-73.08894687489993,138.43635185394328
lyrics_acting,69.05820612882395,206.58087656826308,137.52267043943914
lyrics_message,-25.88675895443333,110.85933921984318,136.7460981742765
lyrics_eat,111.26778354416712,246.76479303929935,135.49700949513223
lyrics_anything,-149.83670942901279,-14.40466968383528,135.43203974517752
lyrics_ooh,-68.95045653135142,-204.05752700462176,135.10707047327034
lyrics_fucking,271.6776815753226,406.30205851200935,134.62437693668676
lyrics_broke,324.8848411564635,190.51105778774587,134.37378336871762
lyrics_telling,-66.93784373592884,66.94146878058235,133.8793125165112
lyrics_screaming,-47.691761231053995,85.84201007710911,133.5337713081631
lyrics_wide,-8.76152806045829,124.67721311925632,133.4387411797146
lyrics_shawty,295.9561682581403,162.60593027961266,133.35023797852762
lyrics_room,-39.86566040934187,93.30802156725406,133.17368197659593
lyrics_haters,345.15291021190166,211.9920176940936,133.16089251780807
lyrics_moon,-99.92849102295176,33.20422164512061,133.13271266807237
lyrics_keys,69.85680920314238,202.90540089529065,133.04859169214828
lyrics_answer,-104.67500893432634,28.296458394974906,132.97146732930125
lyrics_smokin,363.7813449787631,230.8176952921172,132.9636496866459
lyrics_playin,350.130980608171,217.68141163279188,132.44956897537912
lyrics_game,414.8983025953403,546.4826544868312,131.58435189149088
lyrics_dope,326.8077733839036,195.3336762248532,131.47409715905042
lyrics_head,1.892626034878937,133.13431575962545,131.24168972474652
lyrics_cash,378.8543767151106,247.7171931147363,131.13718360037433
lyrics_sitting,-35.9671885032702,94.91448641556997,130.88167491884016
lyrics_told,283.698965472086,153.05420467006195,130.64476080202405
lyrics_looks,-123.47583948855663,7.023955817006582,130.49979530556323
lyrics_lord,-60.05363697152038,70.04889755833655,130.10253452985694
lyrics_waste,-81.76498287968363,48.18027491179993,129.94525779148356
lyrics_chick,126.67759884318595,-3.2636158718276675,129.94121471501361
lyrics_motherfuckin,345.2119905780015,475.1079692153688,129.8959786373673
lyrics_type,170.45726752841767,298.9410006302591,128.48373310184144
lyrics_okay,181.9479614333481,53.85071147500654,128.09724995834156
lyrics_quick,211.67413555038553,338.8148701280346,127.14073457764908
lyrics_sayin,275.0643348768588,148.09742533954818,126.96690953731064
lyrics_place,-193.52602593983227,-66.55946690454326,126.96655903528901
lyrics_that.ll,133.27385952592857,259.99006615070726,126.71620662477869
lyrics_bass,-17.869491289360028,108.28911721352279,126.15860850288281
lyrics_knew,-94.24211550152842,31.89038339405159,126.13249889558
lyrics_making,40.52544918858721,166.48660425640307,125.96115506781587
lyrics_handle,8.08755568372093,133.3642930734853,125.27673738976436
lyrics_cake,88.77387890762994,213.96865014205508,125.19477123442515
lyrics_sent,211.26082975103645,86.36649714927194,124.89433260176452
lyrics_alright,3.085918156916911,-121.45958846811918,124.5455066250361
lyrics_everybody.s,-165.67968166452465,-41.30759665817902,124.37208500634563
lyrics_drunk,20.638268490653758,144.94448417925545,124.3062156886017
lyrics_hurt,-78.15164524067342,45.87220454601396,124.02384978668738
lyrics_spin,73.09816531594973,-50.80487869923172,123.90304401518145
lyrics_lot,206.40053179958645,329.8990996886348,123.49856788904836
lyrics_woke,9.49981818247868,132.77499867562383,123.27518049314516
lyrics_worst,-8.945897348270687,113.27290646473608,122.21880381300677
lyrics_bow,114.64945147181359,-6.002304004715852,120.65175547652944
lyrics_uh.huh,116.07991870945324,236.712721635845,120.63280292639178
lyrics_standing,-206.98178788517814,-86.88731531397079,120.09447257120735
lyrics_push,141.41110085688126,21.47599537585349,119.93510548102778
lyrics_without,-153.12401507608217,-33.37867534326067,119.7453397328215
lyrics_understand,-48.639600618955,70.78454003518812,119.42414065414312
lyrics_block,403.49785643556294,284.08922811004885,119.40862832551409
lyrics_singing,-166.50665261722997,-47.444253840050656,119.06239877717931
lyrics_ends,-113.98266681670538,4.948225267759039,118.93089208446442
lyrics_girl,230.7314834537441,112.3865299455527,118.3449535081914
lyrics_bigger,123.2419354555249,240.92130357435178,117.67936811882689
lyrics_kind,-139.21653626067393,-21.55978829128382,117.65674796939011
lyrics_front,220.52323022437292,337.2956728488164,116.7724426244435
lyrics_dust,-80.76899229432198,35.00858710549236,115.77757939981433
lyrics_police,345.2334182251483,229.76309827392186,115.47031995122643
lyrics_mouth,379.4894231076988,264.3440596065584,115.14536350114042
lyrics_holdin,83.04695686755635,198.00384582551254,114.9568889579562
lyrics_x,136.40380549807605,251.26976011665502,114.86595461857897
lyrics_thinkin,114.67885219646324,229.04754484034692,114.36869264388368
lyrics_blew,88.59420761128347,202.79325019005614,114.19904257877268
lyrics_guy,-120.95198348168981,-6.822207319258631,114.12977616243117
lyrics_hands,-1.4695260416331255,111.98542846339583,113.45495450502897
lyrics_mama,228.5502064627069,115.10278255518116,113.44742390752575
lyrics_cheese,374.5258715116498,261.2531210734757,113.27275043817411
lyrics_track,293.0718319225191,179.91128697671485,113.16054494580425
lyrics_bullets,232.0743244399522,119.12003778270747,112.95428665724472
lyrics_somehow,-162.7333462117582,-50.201330621344454,112.53201559041375
lyrics_weather,108.7813360859049,-3.1254485792659112,111.9067846651708
lyrics_team,170.08509889579545,281.86067257011257,111.77557367431712
lyrics_feelin,193.51986126312826,82.87023063640247,110.6496306267258
lyrics_wave,105.20969258721024,-4.329829132348571,109.53952171955882
lyrics_watching,-135.4684808568556,-26.10460097842398,109.36387987843162
lyrics_wheel,-22.19412610518941,87.08926813714828,109.28339424233769
lyrics_light,-153.23378505858375,-45.014301425859216,108.21948363272453
Swear_word,1181.0,1073.0,108.0
lyrics_power,-55.38778650752154,52.32109417698811,107.70888068450965
lyrics_meet,135.76619966969133,28.955468770197875,106.81073089949345
lyrics_price,50.012380152377474,156.49194853084975,106.47956837847228
lyrics_legs,151.10034972166883,45.3322609262467,105.76808879542213
lyrics_early,115.05967590621626,9.502227008947568,105.55744889726869
lyrics_problems,149.11664031631153,45.09663710296983,104.02000321334171
lyrics_mission,135.95053264214465,239.3638236001309,103.41329095798625
lyrics_talking,160.5651888341579,57.356711093409515,103.20847774074839
lyrics_feet,-41.85422015259252,61.314149566084964,103.16836971867748
lyrics_stand,-37.63300622840944,65.16240967452912,102.79541590293856
lyrics_warm,-112.14260771305153,-10.907261063057557,101.23534664999397
lyrics_movin,85.30103054800557,-15.63203901834142,100.93306956634699
lyrics_bout,334.2994143879686,233.71893159398505,100.58048279398358
lyrics_miss,-40.28524426209081,59.586249124441004,99.87149338653182
lyrics_motherfucking,294.05601784346254,195.39607483434824,98.6599430091143
lyrics_lately,-39.40826767957691,58.48922733315032,97.89749501272723
lyrics_field,48.97331529577149,146.6094735488355,97.636158253064
lyrics_screamin,209.10997640606308,111.76332132040899,97.34665508565409
lyrics_yellow,53.94859969993026,150.17933126332508,96.23073156339481
lyrics_dem,114.05076851975299,17.943194735334984,96.10757378441801
lyrics_yet,-46.03054755756314,49.947380921026195,95.97792847858933
lyrics_forgot,39.69342820364438,135.07502376056377,95.3815955569194
audio_acousticness,-112.6941961729411,-17.723314192116362,94.97088198082474
lyrics_flame,-9.891173636335662,84.59960027264921,94.49077390898488
lyrics_wants,-162.21884256861216,-68.1060491851582,94.11279338345396
lyrics_waitin,-15.094151654847824,77.85749993129309,92.95165158614091
lyrics_saw,-47.98076884054681,44.68089488097064,92.66166372151744
lyrics_truck,129.56178466366396,221.6332150782472,92.07143041458323
lyrics_lookin,154.02484468360427,245.9167332666004,91.89188858299613
lyrics_says,-171.62518189974895,-79.765173268238,91.86000863151095
lyrics_i.mma,321.95776226234807,230.29613623023855,91.66162603210952
lyrics_always,-130.32651275556356,-38.75753198731604,91.56898076824751
lyrics_pain,-70.86618381216641,20.388450793493593,91.25463460566
lyrics_tight,38.52176981568739,129.56775390137585,91.04598408568846
lyrics_mess,-145.12403698836704,-54.084688711934774,91.03934827643226
lyrics_giving,-63.7525987097973,26.821399000831644,90.57399771062894
lyrics_playing,15.421005695519879,105.21123576917121,89.79023007365133
lyrics_save,-100.42877566777585,-10.788889178751099,89.63988648902475
lyrics_turn,-2.417863871871184,87.12132101663508,89.53918488850627
lyrics_survive,-21.754717564580663,67.36522169867868,89.11993926325934
lyrics_ride,251.83530690740363,162.7691856169484,89.06612129045524
lyrics_yo,610.3765714233958,521.6544621303551,88.72210929304072
lyrics_boom,8.307488714644649,96.80993515465903,88.50244644001438
lyrics_caught,116.66658617269864,204.46308834740995,87.7965021747113
lyrics_sittin,124.48790693440242,212.21882413243247,87.73091719803006
lyrics_picture,68.40430487986575,155.4426607358364,87.03835585597065
lyrics_rush,-46.246364936559594,40.686266664688155,86.93263160124775
lyrics_along,-154.96798165729084,-68.66480492767796,86.30317672961287
lyrics_sellin,249.10171276936896,163.25277304427757,85.84893972509138
lyrics_behind,-86.89737758835459,-1.731609634151667,85.16576795420292
lyrics_diamond,58.6175813344105,143.64978534848416,85.03220401407366
lyrics_maybe,-169.87035561145686,-84.97918717005957,84.89116844139728
lyrics_died,31.573753403653697,115.90486081388477,84.33110741023107
lyrics_west,127.50698162182215,211.51352220938753,84.00654058756538
lyrics_learned,-16.633454141583226,66.90160613884966,83.53506028043289
lyrics_tape,192.01522320317972,274.6558368917835,82.64061368860379
lyrics_hittin,238.35033476605133,155.80668614682062,82.54364861923071
lyrics_moving,-40.36070520196186,42.14749409224397,82.50819929420584
lyrics_ten,255.0080707028842,172.96584825693964,82.04222244594456
lyrics_many,92.61285462296811,174.60974963334462,81.9968950103765
lyrics_scream,-95.31762983093513,-13.642853800148934,81.6747760307862
lyrics_started,83.92915483454018,165.09608432009549,81.1669294855553
lyrics_moment,-112.46064994585034,-31.343673410750554,81.11697653509978
lyrics_oh.oh,-73.350096300086,-154.26492273903082,80.91482643894483
lyrics_sure,-20.40095375465205,60.42322315573908,80.82417691039113
lyrics_something,-147.23211855162688,-66.61269746228842,80.61942108933846
lyrics_trunk,337.68719689073214,257.1111616157114,80.57603527502073
lyrics_point,140.69753124224923,221.14041311573635,80.44288187348712
lyrics_figure,151.97982618751263,71.56759921270626,80.41222697480637
lyrics_cool,9.096019051409932,89.20099327725447,80.10497422584453
lyrics_loose,138.14202890804685,58.0888710595051,80.05315784854176
lyrics_yesterday,-108.19255757695281,-28.82958482196073,79.36297275499209
lyrics_lips,-34.7270124669539,44.30069372997888,79.02770619693278
lyrics_soul,-108.73117111896528,-29.761718846370286,78.96945227259499
lyrics_corner,148.48632712695982,69.79862513181524,78.68770199514458
lyrics_fresh,285.89825676493456,207.42824596631982,78.47001079861474
lyrics_raised,35.888155535923275,114.33431960772194,78.44616407179866
lyrics_whatever,27.107189686040755,105.40400501223536,78.2968153261946
lyrics_stay,10.774395722097818,88.70321562956892,77.9288199074711
lyrics_ya,368.1180583640213,445.0120425455915,76.8939841815702
lyrics_lane,123.83571493912277,47.07008936646328,76.76562557265949
lyrics_green,255.4664081175975,178.86238495554213,76.60402316205537
lyrics_barely,133.12138887124988,57.34187350209676,75.77951536915312
lyrics_heat,93.67435071545728,169.22067586622768,75.5463251507704
lyrics_line,-31.249726000604813,44.29201741001374,75.54174341061855
lyrics_guns,110.74811033343123,186.27354325230667,75.52543291887544
lyrics_found,-137.04853476736744,-61.822627541758315,75.22590722560912
lyrics_hard,78.43540215190731,153.44770480177147,75.01230264986415
lyrics_cock,130.57961969763994,205.4619957090384,74.88237601139846
lyrics_brought,140.04623902213564,65.34503826838568,74.70120075374996
lyrics_bright,-112.0428614335109,-37.690517674128586,74.35234375938231
lyrics_drugs,199.56109808988816,273.8494288291753,74.28833073928712
lyrics_falling,-233.41263658077108,-159.24358145357633,74.16905512719475
lyrics_welcome,75.50186492058477,1.5614841060087983,73.94038081457597
lyrics_tonight,-241.98021849431154,-168.3214451137876,73.65877338052394
lyrics_stupid,37.82359908303559,110.99383059726266,73.17023151422707
lyrics_somewhere,-141.3711819884831,-68.55541796022509,72.81576402825802
lyrics_lift,38.25604366540761,-34.23548289531465,72.49152656072226
lyrics_secret,-91.40097114948885,-19.087891103548984,72.31308004593987
lyrics_looking,-121.13803908799258,-49.47380043488789,71.66423865310469
lyrics_clique,119.31110400593747,190.87296863634793,71.56186463041047
lyrics_hope,-51.70048522136624,19.34468217446591,71.04516739583215
AAVE,1503.0,1432.0,71.0
lyrics_benz,330.6718330884436,259.900518650322,70.77131443812158
lyrics_closer,-147.30598608389977,-76.9756412353741,70.33034484852567
lyrics_faces,-46.395405818531046,23.895190889356208,70.29059670788726
lyrics_apart,-166.01617232361707,-95.81799918691485,70.19817313670222
lyrics_stone,-105.3473053846407,-36.2176891347799,69.1296162498608
lyrics_follow,-19.496834828370528,48.28520154768245,67.78203637605297
lyrics_lady,-49.16491702726891,17.946025969315116,67.11094299658403
lyrics_walking,-88.0596544672809,-21.26841806879814,66.79123639848275
lyrics_nowhere,17.37337898208486,-48.977649210503955,66.35102819258881
lyrics_touch,-51.353792495816066,14.947625298015703,66.30141779383177
lyrics_workin,45.75832191901886,112.03077831047106,66.27245639145221
lyrics_paint,273.81924506848884,207.6062756541683,66.21296941432055
lyrics_guitar,-439.3763001810711,-373.32711214502115,66.04918803604994
lyrics_fix,-41.551625407773486,24.17491837598496,65.72654378375844
lyrics_seen,137.67657997954743,203.24477293141962,65.56819295187219
lyrics_city,174.89963875165014,109.75452340796116,65.14511534368899
lyrics_club,259.2208801141311,194.268467517045,64.9524125970861
lyrics_remember,-85.55920840115022,-20.845445605742558,64.71376279540766
lyrics_tear,-62.01897937887032,2.525087584006828,64.54406696287715
lyrics_believe,-123.05564258636353,-58.70262120111343,64.3530213852501
lyrics_motherfucker,261.3831061997167,325.3429441703341,63.9598379706174
lyrics_blue,33.73266592612851,-29.966076656593934,63.698742582722446
lyrics_probably,289.5771078388357,225.89560410702614,63.68150373180953
lyrics_swing,47.2513958959255,110.73441408581799,63.48301818989249
lyrics_standin,113.52330294658816,50.17047875972603,63.35282418686213
lyrics_women,82.33803301888308,145.63941776410928,63.3013847452262
lyrics_gone,8.238229346257796,-54.67907679210031,62.91730613835811
lyrics_trouble,26.46422182176456,-36.406300675764506,62.870522497529066
lyrics_blow,135.28600019587137,198.05229749018167,62.766297294310306
lyrics_face,78.58746602718554,141.25319391810473,62.665727890919186
audio_instrumentalness,-369.8692578880866,-307.5829831341494,62.28627475393722
lyrics_couple,187.55978900216755,249.54900086260477,61.98921186043722
lyrics_feeling,-197.70967041765897,-136.33344878394746,61.37622163371151
lyrics_momma,284.9260816841845,223.97211217217017,60.95396951201434
lyrics_sex,146.89253219044596,207.3439671001019,60.451434909655944
lyrics_roof,247.18468655834806,186.75524776597243,60.429438792375635
lyrics_weed,318.16779707667195,378.54341142630005,60.37561434962811
lyrics_burning,-136.0703600521833,-76.08672410334688,59.98363594883642
lyrics_talk,189.38939146687724,129.8949190914018,59.49447237547545
lyrics_boys,53.59331875531616,-5.588958372972357,59.18227712828852
lyrics_future,75.80951201209048,16.681078371132035,59.12843364095845
lyrics_rapper,266.4092250049419,207.6043346700411,58.80489033490079
lyrics_real,364.06553182820676,422.05482887460346,57.9892970463967
lyrics_trust,104.71952460199424,162.26640142489973,57.54687682290549
lyrics_dead,138.9345735040792,196.32541432406526,57.39084081998607
lyrics_gettin,350.2903883043324,407.6798562677809,57.38946796344851
lyrics_homies,338.0049909123135,280.63370853028096,57.37128238203252
lyrics_smell,94.11067918964078,151.20772527531489,57.09704608567411
lyrics_chase,64.67950242175195,7.592334602015097,57.08716781973685
lyrics_beach,54.813068346539424,111.76907976712938,56.95601142058996
lyrics_long,-132.8829707160296,-75.95594220380528,56.927028512224325
lyrics_trippin,280.50989267145565,223.84016293032744,56.66972974112821
lyrics_goodbye,-123.95102503119321,-180.3596711319336,56.408646100740384
lyrics_throat,152.77814284266145,97.1071624755566,55.670980367104846
lyrics_action,92.65975883723344,147.9823510783321,55.32259224109866
lyrics_water,47.172520571062414,-8.039607841535556,55.21212841259797
lyrics_hah,125.67383526152302,180.501593336969,54.82775807544597
lyrics_sorry,-36.31266412946733,-91.0391271530205,54.72646302355317
lyrics_drama,163.99622124683373,109.67644881755905,54.31977242927468
lyrics_wayne,214.179428589694,160.1149605566737,54.06446803302029
lyrics_different,164.9224194037044,111.44979740175341,53.47262200195098
lyrics_anyone,-89.32933783737417,-36.058673139470926,53.27066469790324
lyrics_uh,308.7097221886511,361.2939776034958,52.58425541484473
lyrics_fools,152.49262840236923,99.94949451072563,52.543133891643606
lyrics_thousand,73.26415084052704,124.61517833572321,51.35102749519618
lyrics_together,-109.57567366934114,-58.50841008891795,51.067263580423194
lyrics_known,-33.0545258711629,17.620312405663526,50.67483827682643
lyrics_full,340.4017969791197,289.8476656961082,50.554131283011486
lyrics_wear,149.02940355397126,199.4908360880574,50.46143253408613
lyrics_somebody,-93.76068567475512,-43.53789933489051,50.22278633986461
lyrics_ghost,86.31386803828707,36.594351323620344,49.719516714666725
lyrics_must,36.47345842887981,86.00575755659042,49.532299127710615
lyrics_ghetto,246.36047084207974,295.70707621001776,49.346605367938025
lyrics_john,-56.41383776473022,-7.921788354264907,48.49204941046531
lyrics_bleed,-12.464355134953514,36.01080707765328,48.4751622126068
lyrics_white,253.62292887503435,205.3500808227585,48.27284805227583
lyrics_looked,-6.783520199938497,40.75581835854969,47.53933855848818
lyrics_ah,37.993707148661244,-9.404941720389607,47.39864886905085
lyrics_sold,132.6597220163455,179.57913982342706,46.919417807081544
lyrics_wood,208.16383037834962,254.79331713143085,46.62948675308124
lyrics_damn,413.0501596019891,366.8200136025655,46.2301459994236
lyrics_everyone,-112.68030736480219,-66.57445646730976,46.10585089749243
lyrics_thank,52.587084178880076,7.300748374841554,45.28633580403852
lyrics_low,50.219661704671125,94.99097333992441,44.771311635253284
lyrics_walkin,155.04168714778177,110.27934212720115,44.762345020580625
lyrics_raise,-17.973478258912,26.617818969433394,44.5912972283454
lyrics_throw,209.0179458008543,253.48839424768812,44.470448446833814
lyrics_today,64.80292159823313,20.723981266567655,44.07894033166547
lyrics_summer,-95.40232261902358,-51.415774580237134,43.986548038786445
lyrics_road,-84.8373732781014,-40.89887273273163,43.93850054536976
lyrics_calling,-79.78076133911057,-36.37765766227665,43.40310367683392
lyrics_reason,-2.9184335340213234,-45.71624325224979,42.797809718228464
lyrics_sad,-76.0271542237703,-117.85929197396636,41.83213775019607
lyrics_cocaine,96.86015262744074,55.29526910720131,41.564883520239434
lyrics_fore,101.59287799228508,143.0862613206428,41.49338332835771
lyrics_tough,-51.15349363569999,-9.784422855666854,41.369070780033134
lyrics_care,-49.955813286126094,-91.25088604185953,41.295072755733436
lyrics_scared,82.9837429269086,124.24228388714742,41.25854096023882
lyrics_guys,89.6710937327253,48.420491139723566,41.25060259300173
lyrics_morning,-69.74562205726367,-110.81119236939823,41.065570312134554
lyrics_anyway,-40.24902711443205,0.8049805422885505,41.0540076567206
lyrics_though,185.2896782774168,226.16079067913682,40.87111240172001
lyrics_higher,-57.71199630715309,-17.447433319106132,40.26456298804696
lyrics_fall,-136.51836085465507,-96.84538711857567,39.6729737360794
lyrics_dance,-47.43121098893088,-87.0244730486431,39.593262059712224
lyrics_knock,156.69468811391653,196.26722547669118,39.57253736277465
lyrics_gotta,294.56651617497744,254.995137980968,39.57137819400944
lyrics_murder,206.46888814114516,167.38103218426133,39.08785595688383
lyrics_chrome,240.13137436517053,278.2272571661701,38.09588280099956
lyrics_fight,-70.56041207945299,-32.78354702418308,37.77686505526991
lyrics_took,209.96788152862456,172.48999528997888,37.47788623864568
lyrics_outro,-414.56440689833363,-377.5158325268645,37.04857437146916
lyrics_going,-107.45170882065993,-70.79316305498587,36.65854576567406
lyrics_worth,17.729656670468252,54.31461391105439,36.584957240586135
lyrics_ago,-77.69363270432393,-113.90262861475864,36.20899591043471
lyrics_middle,37.73554764940409,2.171501982534444,35.564045666869646
lyrics_chains,172.09028784114244,136.6003499618258,35.48993787931664
lyrics_gas,168.80677239004208,204.14413187709852,35.33735948705643
lyrics_dawg,262.0245171685405,227.42541011443,34.599107054110505
lyrics_clip,234.99775245026274,200.5317830965273,34.46596935373543
lyrics_shout,-18.71381909823927,15.643015984773065,34.356835083012335
lyrics_dancin,9.616992390068459,-24.587356050860404,34.20434844092886
lyrics_none,168.99364773907374,203.12983454478865,34.136186805714914
lyrics_walk,85.34997103321798,118.86937273230171,33.51940169908373
lyrics_pay,220.07527351723536,186.75254910759116,33.322724409644195
lyrics_met,-36.43358315291846,-3.3734137099893644,33.060169442929094
lyrics_first,169.1195124665246,201.53896226114557,32.41944979462096
lyrics_feels,-143.53093407888116,-111.34352705789243,32.18740702098873
lyrics_sight,-24.569577113746412,7.4332445594980605,32.00282167324447
lyrics_blunt,260.1964588167238,291.42596942499347,31.229510608269663
lyrics_sip,53.32164037497448,84.36137625307633,31.03973587810185
lyrics_post.chorus,-327.83290660251924,-358.6000304609509,30.76712385843166
lyrics_else,-111.88152476478407,-142.23383321283362,30.35230844804954
lyrics_top,352.570450319383,322.6021834906306,29.968266828752405
lyrics_daddy,173.09380312841193,202.9960557591637,29.902252630751775
lyrics_mike,120.75892298246782,150.44644846522533,29.687525482757508
lyrics_beautiful,-75.99014705083596,-105.6762762418357,29.686129190999736
lyrics_hello,-62.36079312330341,-32.74691724789399,29.61387587540942
lyrics_brain,166.73255053673557,196.04288796243526,29.310337425699686
lyrics_round,103.24901320740994,74.2712024712909,28.97781073611904
lyrics_thug,165.1013867877366,136.65175915388565,28.44962763385095
lyrics_free,-88.63035389877996,-60.47531232842303,28.15504157035693
lyrics_small,30.71224004980305,58.28974696366245,27.577506913859402
lyrics_rollin,72.20149560574978,99.752531836727,27.551036230977218
lyrics_birds,40.93519674501854,13.608110195722578,27.32708654929596
lyrics_red,51.97991772222681,78.93824598822512,26.95832826599831
lyrics_share,-63.89356912188735,-37.20268532054442,26.690883801342935
lyrics_bein,191.5025265167297,165.34875289530203,26.15377362142766
lyrics_ocean,-57.51942932553978,-83.23350007566484,25.714070750125053
lyrics_mo,178.50106423250216,152.8262030869797,25.67486114552247
lyrics_news,24.721616111224478,50.372581865149385,25.650965753924908
lyrics_floor,83.62818061088606,58.80258684968622,24.82559376119984
lyrics_band,-76.28166369442263,-51.49359896018365,24.788064734238986
lyrics_friends,-11.713261597955235,-36.207558930836804,24.49429733288157
lyrics_party,105.56807118890549,81.45670497260912,24.111366216296375
lyrics_jet,87.43169067041205,111.48646606266422,24.054775392252168
lyrics_ridin,207.99535883457756,185.48440220756106,22.510956627016498
lyrics_grind,266.0926987726243,243.9548824777887,22.13781629483563
lyrics_phone,128.3876124799021,106.74785161292176,21.639760866980325
lyrics_dying,-86.20600888380841,-64.74241842229654,21.46359046151187
lyrics_thang,263.852800660079,242.5852475242987,21.267553135780332
lyrics_us,145.00224926588862,124.14779618720323,20.854453078685395
lyrics_heart,-252.0929029444411,-231.3115784528505,20.781324491590595
lyrics_waiting,-172.57144934616315,-151.8852414378403,20.686207908322842
lyrics_nights,-98.00426593313345,-77.33365213132231,20.670613801811143
lyrics_hurts,-91.42054076668643,-111.98713196342254,20.566591196736113
lyrics_came,239.8232939305153,260.3161066097033,20.492812679188006
lyrics_nothin,166.94769072749384,146.62162891483473,20.326061812659105
lyrics_shop,203.30295410896386,183.05736826227943,20.245585846684435
lyrics_stars,-49.36824890003113,-69.3321626183839,19.96391371835277
lyrics_thinking,-63.202398544978664,-83.163931816592,19.961533271613334
lyrics_closed,-5.243231898839358,14.582463998412592,19.82569589725195
lyrics_even,246.69012124359256,265.7893329742486,19.099211730656066
lyrics_comin,196.30117957991317,178.07128170678325,18.229897873129914
lyrics_easy,-92.35981087214344,-110.50909826428456,18.14928739214112
Drug_ref,1054.0,1072.0,18.0
lyrics_roll,144.30295432311732,126.40835193263335,17.894602390483968
lyrics_treat,93.6810383851502,111.46058274304204,17.779544357891837
lyrics_work,98.50371677405263,80.97057289529293,17.533143878759702
lyrics_four,104.448595666668,86.97927362863733,17.46932203803067
lyrics_livin,181.27162689585214,164.53405140257533,16.737575493276807
lyrics_case,225.7807264139537,242.10744344809655,16.32671703414286
lyrics_wit,175.90745119982728,159.9672286455001,15.940222554327192
lyrics_killin,168.6709059275464,183.91914637831596,15.248240450769543
lyrics_promise,-22.55023379764805,-37.73582876605071,15.185594968402658
lyrics_doin,233.42748801824945,248.43064659010236,15.003158571852907
lyrics_boo,164.40876821764505,179.2060050691448,14.797236851499747
lyrics_mean,140.6652394276,155.39194687637544,14.726707448775443
lyrics_lover,-93.52984214495298,-79.11255916065772,14.417282984295255
lyrics_dollars,219.98747406627743,205.66754189907658,14.319932167200847
lyrics_bring,143.49431409806562,129.18105338320623,14.313260714859382
lyrics_smoke,261.38376498446985,275.65528415836565,14.271519173895797
audio_mode,-210.7082537518408,-196.6691197881796,14.039133963661214
lyrics_alive,-143.40141294546135,-157.3765487986261,13.975135853164744
lyrics_perfect,-77.51788297251895,-63.64036047491206,13.87752249760689
lyrics_fifty,210.74631531549034,197.1282474198357,13.618067895654633
lyrics_bread,182.45916980646695,194.43215279101634,11.97298298454939
lyrics_body,128.0908712341115,116.15812366339647,11.932747570715023
lyrics_fit,75.67089304310738,63.738904417750376,11.931988625357008
lyrics_k,175.72426584027198,163.8040955490617,11.920170291210269
lyrics_blind,-93.57552105446732,-81.6556648885489,11.919856165918418
lyrics_mirror,43.328839754612446,55.20535147346321,11.876511718850765
lyrics_lick,154.9659704673606,143.13566258249045,11.830307884870138
lyrics_streets,271.76548325988125,283.4893472124802,11.723863952598947
lyrics_ol,122.64882957225741,133.98185550033088,11.333025928073468
lyrics_scene,94.98658345260303,106.22080441699498,11.234220964391952
lyrics_loved,-107.00729621891762,-118.00321838210289,10.99592216318527
lyrics_seat,111.33162614388743,100.47655968350672,10.855066460380712
lyrics_shoot,255.187779804762,265.82442501966034,10.636645214898351
lyrics_loving,-85.4753055252832,-95.50138400000307,10.026078474719867
lyrics_losing,-101.2940939976844,-91.46522751417282,9.828866483511575
lyrics_made,155.5727192849076,165.3424705173487,9.769751232441081
lyrics_vision,79.96980570134934,71.07160578807662,8.89819991327272
lyrics_kill,204.7068942050616,196.21237322583966,8.494520979221932
lyrics_slowly,-69.09643061146073,-77.24202214696138,8.145591535500643
lyrics_stack,101.62238771448673,109.72994837120063,8.1075606567139
lyrics_almost,-19.59841680591223,-27.370089832345812,7.771673026433582
lyrics_holla,216.90525039231073,224.5151382199158,7.609887827605064
lyrics_sit,129.3261007955047,136.82113789047764,7.4950370949729574
lyrics_fell,-10.537777096733944,-17.690562121987412,7.152785025253468
lyrics_instrumental,-370.9269615280633,-378.03386872377973,7.106907195716417
lyrics_magic,-2.3797142696303837,-9.403202162416024,7.02348789278564
lyrics_cry,-123.65311334745445,-130.598340677441,6.945227329986551
lyrics_fast,93.94690834325742,100.02930075468093,6.082392411423513
lyrics_killed,168.1930402460728,162.62219045450274,5.570849791570055
lyrics_bones,-47.43536214001893,-41.992605709004884,5.442756431014047
lyrics_homie,312.14432866583667,317.4734040465381,5.329075380701454
lyrics_sweet,-102.49291264498625,-107.44826780692568,4.955355161939437
lyrics_askin,154.01982878358666,158.97426530389924,4.9544365203125835
lyrics_someone,-199.7580296481458,-195.64887626867764,4.109153379468154
lyrics_clap,16.9891405910721,13.38728886376622,3.601851727305881
lyrics_town,-49.1002973112295,-45.80356306318986,3.296734248039634
lyrics_harder,107.48475097315146,104.33483777790067,3.1499131952507895
lyrics_miles,-64.12170087999642,-66.73980202536083,2.618101145364406
lyrics_player,255.44306747013803,252.89598415116455,2.5470833189734776
lyrics_thick,233.72592414080242,231.37463573227913,2.3512884085232884
lyrics_rip,110.68498191936112,108.79932071518672,1.8856612041743972
lyrics_dancing,-153.18986755788106,-151.75465488776757,1.4352126701134864
lyrics_paper,240.79619729311696,241.9441670108675,1.1479697177505273
lyrics_crib,307.3196033418021,308.44513239885845,1.125529057056326
lyrics_ballin,176.24004937368034,177.02731456885215,0.7872651951718126
lyrics_call,225.54863094595268,224.88575670264586,0.6628742433068169
lyrics_hang,29.381529455156016,28.89153184740085,0.48999760775516776
